"0","save_model_to_excel(rl.rt.neg, ""../lme_results/rl_T1/rl_rt_neg.xlsx"", include_random = TRUE)"
"0","save_model_to_excel(rl.rt.mix, ""../lme_results/rl_T1/rl_rt_mix.xlsx"", include_random = TRUE)"
"0","save_model_to_excel(rl.rt.pos, ""../lme_results/rl_T1/rl_rt_pos.xlsx"", include_random = TRUE)"
"0",""
"0","save_model_to_excel(rl.opt.neg, ""../lme_results/rl_T1/rl_opt_neg.xlsx"", include_random = TRUE)"
"0","save_model_to_excel(rl.opt.mix, ""../lme_results/rl_T1/rl_opt_mix.xlsx"", include_random = TRUE)"
"0","save_model_to_excel(rl.opt.pos, ""../lme_results/rl_T1/rl_opt_pos.xlsx"", include_random = TRUE)"
"0",""
"0","save_model_to_excel(rl.alphaneg, ""../lme_results/rl_T1/rl_alpha_pos.xlsx"", include_random = FALSE)"
"0","save_model_to_excel(rl.alphapos, ""../lme_results/rl_T1/rl_alpha_neg.xlsx"", include_random = FALSE)"
"0","save_model_to_excel(rl.beta, ""../lme_results/rl_T1/rl_beta.xlsx"", include_random = FALSE)"
